collection_name,slug,source_url,products,product_count,source_description
Marmellate,marmellate,https://ugolinigourmet.it/categoria/marmellate/,Confit di cipolle rosse all’aceto balsamico di Modena IGP senza glutine 220 gr,1,Marmellate di frutta e verdura.
Olio al tartufo,olio-al-tartufo,https://ugolinigourmet.it/categoria/olio-al-tartufo/,Olio extra vergine di oliva al tartufo bianco 250 ml | Olio extra vergine di oliva al tartufo nero 250 ml,2,Olio al tartufo nero e bianco.
Pesto,pesto,https://ugolinigourmet.it/categoria/pesto/,Pesto alla Genovese senza glutine 180 gr | Pesto al tartufo nero senza glutine 180 gr | Pesto rosso bio senza glutine 180 gr | Pesto rosso senza glutine 180 gr | Pesto vegano al tofu senza glutine e senza lattosio 180 gr,5,Pesto alla Genovese.
Salse ai funghi,salse-funghi,https://ugolinigourmet.it/categoria/salse-funghi/,Crema ai funghi porcini e champignon senza glutine 180 gr | Crema al tartufo nero senza glutine 180 gr,2,Salse ai funghi porcini e champignon.
Salse con tartufo,salse-tartufo,https://ugolinigourmet.it/categoria/salse-tartufo/,"Salsa tartufata, salsa al tartufo nero senza glutine 180 gr | Crema a base di panna e tartufo bianchetto senza glutine 170 gr | Sugo al tartufo nero senza glutine 180 gr | Tartufo estivo intero 25 gr | Crema al tartufo nero senza glutine 180 gr | Crema di carciofi e tartufo nero estivo senza glutine 170 gr | Ketchup e tartufo estivo senza glutine 90 gr | Pesto al tartufo nero senza glutine 180 gr",8,"Salse con tartufo nero, bianco, bianchetto."
Sughi,sughi,https://ugolinigourmet.it/categoria/sughi/,"Ragù vegano con soia 180 gr | Bruschetta piccantina, salsa di pomodoro piccante senza glutine 180 gr | Sugo all’arrabbiata, salsa di polpa di pomodoro senza glutine 180 gr | Sugo al tartufo nero senza glutine 180 gr | Ragù alla Bolognese senza glutine 180 gr",5,Sugo al pomodoro.
CaviarEat,caviareat,https://caviareat.it,Caviale Huso Dauricus Tin | CAVIALE VEGANO | CAVIALE ROYAL OSCIETRA BLUE TIN | CAVIALE ROYAL BAERII BLUE TIN | CAVIALE BELUGA HUSO HUSO BLUE TIN | ACCIUGHE SOTT’OLIO 100 GR | CAVIALE BELUGA HUSO HUSO | CAVIALE HUSO DAURICUS | CAVIALE ROYAL BAERII | CAVIALE ROYAL KALUGA | CAVIALE ROYAL OSCIETRA | CAVIALE SCHRENKII IMPERIAL,12,Prodotti CaviarEat.
Truffleat,truffleat,https://truffleat.it,Crema di funghi porcini e tartufo bianco | Riso Carnaroli con tartufo nero estivo | Salsa tartufata con tartufo nero estivo | Tartufo intero estivo | Carpaccio Tartufo Estivo | Tagliatelle all'uovo con tartufo nero | Affettatartufi in acciaio Inox | Salsa al tartufo nero estivo 5% | Carpaccio Tartufo Estivo Kosher | Sale grigio di Guérande e tartufo nero | Mayonese al Tartufo Nero Estivo | Mostarda al Tartufo Nero Estivo | Salsa al tartufo bianco | Salsa al tartufo nero pregiato | Olio extravergine di oliva aromatizzato al tartufo bianco | Olio extravergine di oliva aromatizzato al tartufo nero | Olio extravergine di oliva al tartufo nero | Olio extravergine di oliva al tartufo bianco | Affettatartufo in polietilene per uso alimentare,19,Prodotti Truffleat.
Tin Caviar,tin-caviar,https://tincaviar.com,TinCaviar Lattine per Caviale,1,Prodotti Tin Caviar.
LuxurEat,luxureat,https://luxureat.com,CAVIALE VEGANO | Tartare di Ricciola | Tartare di scampi | Tartare di Tonno | Tartare di pesce spada | Tartare di Mazzancolla | Burger di Fassona al Tartufo Nero 200 g | Maionese Vegana al Tartufo | Cioccolatini Desirè al tartufo e peperoncino 50 gr | Trufflemist spray al tartufo 100 ml | Salsa di soia al wasabi e tartufo 100 ml | Olio di Vinacciolo al tartufo bianco naturale 250 ml | Olio Extra vergine di oliva al peperoncino di Calabria 250 ml | Salsa detox al tartufo nero | Salsa detox al tartufo bianco | Burger di fassona al tartufo bianco 200 gr | Grani di gambero rosso di Mazara del Vallo | Caviale Russian Oscetra | Cioccolatini al tartufo nero e bianco 50 gr | Tartare di gambero rosa di Mazara del Vallo | Tartare di gambero rosso di Mazara del vallo | Olio Extra vergine di oliva al tartufo nero 250 ml | Olio Extra vergine di oliva al tartufo bianco 250 ml | Caviale Royal Oscetra | Caviale Royal Kaluga | Caviale Royal Baerii | Caviale Beluga 100% (Huso Huso) | Caviale Amur | Salmon Tartare | Black Winter Truffle | White Truffle | Bianchetto Truffle | Summer Truffle | Whole Summer Truffle | Summer Truffle Slices,35,Prodotti LuxurEat.
